<?xml version="1.0" encoding="UTF-8"?>
<MD_Metadata xmlns="http://www.isotc211.org/2005/gmd" xmlns:gco="http://www.isotc211.org/2005/gco" xmlns:gts="http://www.isotc211.org/2005/gts" xmlns:srv="http://www.isotc211.org/2005/srv" xmlns:gml="http://www.opengis.net/gml" xmlns:xlink="http://www.w3.org/1999/xlink" xmlns:xsi="http://www.w3.org/2001/XMLSchema-instance">
  <fileIdentifier>
    <gco:CharacterString>edu.stanford.purl:jp095bg5089</gco:CharacterString>
  </fileIdentifier>
  <language>
    <LanguageCode codeList="http://www.loc.gov/standards/iso639-2/php/code_list.php" codeListValue="eng" codeSpace="ISO639-2">eng</LanguageCode>
  </language>
  <characterSet>
    <MD_CharacterSetCode codeList="http://www.isotc211.org/2005/resources/Codelist/gmxCodelists.xml#MD_CharacterSetCode" codeListValue="utf8" codeSpace="ISOTC211/19115">utf8</MD_CharacterSetCode>
  </characterSet>
  <parentIdentifier>
    <gco:CharacterString>http://purl.stanford.edu/wc590wy7435.mods</gco:CharacterString>
  </parentIdentifier>
  <hierarchyLevel>
    <MD_ScopeCode codeList="http://www.isotc211.org/2005/resources/Codelist/gmxCodelists.xml#MD_ScopeCode" codeListValue="dataset" codeSpace="ISOTC211/19115">dataset</MD_ScopeCode>
  </hierarchyLevel>
  <hierarchyLevelName>
    <gco:CharacterString>dataset</gco:CharacterString>
  </hierarchyLevelName>
  <contact>
    <CI_ResponsibleParty>
      <organisationName>
        <gco:CharacterString>Stanford Geospatial Center</gco:CharacterString>
      </organisationName>
      <contactInfo>
        <CI_Contact>
          <phone>
            <CI_Telephone>
              <voice>
                <gco:CharacterString>650-723-2746</gco:CharacterString>
              </voice>
            </CI_Telephone>
          </phone>
          <address>
            <CI_Address>
              <deliveryPoint>
                <gco:CharacterString>Branner Earth Sciences Library</gco:CharacterString>
              </deliveryPoint>
              <city>
                <gco:CharacterString>Stanford</gco:CharacterString>
              </city>
              <administrativeArea>
                <gco:CharacterString>California</gco:CharacterString>
              </administrativeArea>
              <postalCode>
                <gco:CharacterString>94305</gco:CharacterString>
              </postalCode>
              <country>
                <gco:CharacterString>US</gco:CharacterString>
              </country>
              <electronicMailAddress>
                <gco:CharacterString>brannerlibrary@stanford.edu</gco:CharacterString>
              </electronicMailAddress>
            </CI_Address>
          </address>
        </CI_Contact>
      </contactInfo>
      <role>
        <CI_RoleCode codeList="http://www.isotc211.org/2005/resources/Codelist/gmxCodelists.xml#CI_RoleCode" codeListValue="pointOfContact" codeSpace="ISOTC211/19115">pointOfContact</CI_RoleCode>
      </role>
    </CI_ResponsibleParty>
  </contact>
  <dateStamp>
    <gco:Date>2017-03-13</gco:Date>
  </dateStamp>
  <metadataStandardName>
    <gco:CharacterString>ISO 19139 Geographic Information - Metadata - Implementation Specification</gco:CharacterString>
  </metadataStandardName>
  <metadataStandardVersion>
    <gco:CharacterString>2007</gco:CharacterString>
  </metadataStandardVersion>
  <dataSetURI>
    <gco:CharacterString>http://purl.stanford.edu/jp095bg5089</gco:CharacterString>
  </dataSetURI>
  <spatialRepresentationInfo>
    <MD_VectorSpatialRepresentation>
      <topologyLevel>
        <MD_TopologyLevelCode codeList="http://www.isotc211.org/2005/resources/Codelist/gmxCodelists.xml#MD_TopologyLevelCode" codeListValue="geometryOnly" codeSpace="ISOTC211/19115">geometryOnly</MD_TopologyLevelCode>
      </topologyLevel>
      <geometricObjects>
        <MD_GeometricObjects>
          <geometricObjectType>
            <MD_GeometricObjectTypeCode codeList="http://www.isotc211.org/2005/resources/Codelist/gmxCodelists.xml#MD_GeometricObjectTypeCode" codeListValue="composite" codeSpace="ISOTC211/19115">composite</MD_GeometricObjectTypeCode>
          </geometricObjectType>
          <geometricObjectCount>
            <gco:Integer>1827</gco:Integer>
          </geometricObjectCount>
        </MD_GeometricObjects>
      </geometricObjects>
    </MD_VectorSpatialRepresentation>
  </spatialRepresentationInfo>
  <referenceSystemInfo>
    <MD_ReferenceSystem>
      <referenceSystemIdentifier>
        <RS_Identifier>
          <code>
            <gco:CharacterString>4326</gco:CharacterString>
          </code>
          <codeSpace>
            <gco:CharacterString>EPSG</gco:CharacterString>
          </codeSpace>
          <version>
            <gco:CharacterString>8.6.2</gco:CharacterString>
          </version>
        </RS_Identifier>
      </referenceSystemIdentifier>
    </MD_ReferenceSystem>
  </referenceSystemInfo>
  <identificationInfo>
    <MD_DataIdentification>
      <citation>
        <CI_Citation>
          <title>
            <gco:CharacterString>Hurricane Sandy Damage Estimates by Block Group, 2012</gco:CharacterString>
          </title>
          <date>
            <CI_Date>
              <date>
                <gco:Date>2013-01-17</gco:Date>
              </date>
              <dateType>
                <CI_DateTypeCode codeList="http://www.isotc211.org/2005/resources/Codelist/gmxCodelists.xml#CI_DateTypeCode" codeListValue="publication" codeSpace="ISOTC211/19115">publication</CI_DateTypeCode>
              </dateType>
            </CI_Date>
          </date>
          <identifier>
            <MD_Identifier>
              <code>
                <gco:CharacterString>http://purl.stanford.edu/jp095bg5089</gco:CharacterString>
              </code>
            </MD_Identifier>
          </identifier>
          <citedResponsibleParty>
            <CI_ResponsibleParty>
              <organisationName>
                <gco:CharacterString>United States. Department of Housing and Urban Development</gco:CharacterString>
              </organisationName>
              <role>
                <CI_RoleCode codeList="http://www.isotc211.org/2005/resources/Codelist/gmxCodelists.xml#CI_RoleCode" codeListValue="originator" codeSpace="ISOTC211/19115">originator</CI_RoleCode>
              </role>
            </CI_ResponsibleParty>
          </citedResponsibleParty>
          <citedResponsibleParty>
            <CI_ResponsibleParty>
              <organisationName>
                <gco:CharacterString>United States. Department of Housing and Urban Development</gco:CharacterString>
              </organisationName>
              <contactInfo>
                <CI_Contact>
                  <address>
                    <CI_Address>
                      <city>
                        <gco:CharacterString>Washington D.C.</gco:CharacterString>
                      </city>
                      <postalCode>
                        <gco:CharacterString>20410</gco:CharacterString>
                      </postalCode>
                      <country>
                        <gco:CharacterString>US</gco:CharacterString>
                      </country>
                    </CI_Address>
                  </address>
                </CI_Contact>
              </contactInfo>
              <role>
                <CI_RoleCode codeList="http://www.isotc211.org/2005/resources/Codelist/gmxCodelists.xml#CI_RoleCode" codeListValue="publisher" codeSpace="ISOTC211/19115">publisher</CI_RoleCode>
              </role>
            </CI_ResponsibleParty>
          </citedResponsibleParty>
          <presentationForm>
            <CI_PresentationFormCode codeList="http://www.isotc211.org/2005/resources/Codelist/gmxCodelists.xml#CI_PresentationFormCode" codeListValue="mapDigital" codeSpace="ISOTC211/19115">mapDigital</CI_PresentationFormCode>
          </presentationForm>
          <collectiveTitle>
            <gco:CharacterString>U.S. Department of Housing and Urban Development, GIS Maps and Data</gco:CharacterString>
          </collectiveTitle>
        </CI_Citation>
      </citation>
      <abstract>
        <gco:CharacterString>A FEMA housing inspection for renters is used to assess personal property loss and for owners to assess damage to their home as well as personal property. This inspection is done to determine eligibility for FEMA Individual Assistance. For both rental and owner inspections, if the property has flood damage the inspector measures the height of the flooding. They indicate the highest floor of the flooding (for example, Basement, 1st floor, 2nd floor, etc…) and the height of the flooding in that room. In addition for the units without flooding, HUD has estimated minor/major/severe damage based on the damage inspection estimates for real property (owner) and personal property (renter). This file only presents data on block groups with 10 or more damaged housing units. The suppression to only including 10 or more damaged housing units results in an exclusion of about 6% of the total flooded units. These data reflect Hurricane Sandy damage in the states of New York, New Jersey, Connecticut, and Rhode Island. These data are incomplete, as each day there are additional registrants and inspections. This should be a viewed as a preliminary snapshot to assist with planning. Data Current as of: January 17, 2013</gco:CharacterString>
      </abstract>
      <purpose>
        <gco:CharacterString>This layer is intended for researchers, students, policy makers, and the general public for reference and mapping purposes, and may be used for basic applications such as viewing, querying, and map output production. This layer will provide a basemap for layers related to socio-political analysis, statistical enumeration and analysis, or to support graphical overlays and analysis with other spatial data. More advanced user applications may focus on demographics, urban and rural land use planning, socio-economic analysis and related areas (including defining boundaries, managing assets and facilities, integrating attribute databases with geographic features, spatial analysis, and presentation output.)</gco:CharacterString>
      </purpose>
      <credit>
        <gco:CharacterString>United States. Department of Housing and Urban Development. (2013). Hurricane Sandy Damage Estimates by Block Group, 2012. United States. Department of Housing and Urban Development. Available at http://purl.stanford.edu/jp095bg5089.</gco:CharacterString>
      </credit>
      <pointOfContact>
        <CI_ResponsibleParty>
          <organisationName>
            <gco:CharacterString>United States. Department of Housing and Urban Development</gco:CharacterString>
          </organisationName>
          <contactInfo>
            <CI_Contact>
              <phone>
                <CI_Telephone>
                  <voice>
                    <gco:CharacterString>(202) 708-1112</gco:CharacterString>
                  </voice>
                </CI_Telephone>
              </phone>
              <address>
                <CI_Address>
                  <deliveryPoint>
                    <gco:CharacterString>451 7th Street S.W.</gco:CharacterString>
                  </deliveryPoint>
                  <city>
                    <gco:CharacterString>Washington, D.C.</gco:CharacterString>
                  </city>
                  <postalCode>
                    <gco:CharacterString>20410</gco:CharacterString>
                  </postalCode>
                  <country>
                    <gco:CharacterString>US</gco:CharacterString>
                  </country>
                </CI_Address>
              </address>
            </CI_Contact>
          </contactInfo>
          <role>
            <CI_RoleCode codeList="http://www.isotc211.org/2005/resources/Codelist/gmxCodelists.xml#CI_RoleCode" codeListValue="pointOfContact" codeSpace="ISOTC211/19115">pointOfContact</CI_RoleCode>
          </role>
        </CI_ResponsibleParty>
      </pointOfContact>
      <descriptiveKeywords>
        <MD_Keywords>
          <keyword>
            <gco:CharacterString>United States</gco:CharacterString>
          </keyword>
          <type>
            <MD_KeywordTypeCode codeList="http://www.isotc211.org/2005/resources/Codelist/gmxCodelists.xml#MD_KeywordTypeCode" codeListValue="place" codeSpace="ISOTC211/19115">place</MD_KeywordTypeCode>
          </type>
          <thesaurusName>
            <CI_Citation>
              <title>
                <gco:CharacterString>geonames</gco:CharacterString>
              </title>
              <date>
                <CI_Date>
                  <date>
                    <gco:Date>2012-11-01</gco:Date>
                  </date>
                  <dateType>
                    <CI_DateTypeCode codeList="http://www.isotc211.org/2005/resources/Codelist/gmxCodelists.xml#CI_DateTypeCode" codeListValue="revision" codeSpace="ISOTC211/19115">revision</CI_DateTypeCode>
                  </dateType>
                </CI_Date>
              </date>
              <identifier>
                <MD_Identifier>
                  <code>
                    <gco:CharacterString>http://www.geonames.org/ontology#</gco:CharacterString>
                  </code>
                </MD_Identifier>
              </identifier>
            </CI_Citation>
          </thesaurusName>
        </MD_Keywords>
      </descriptiveKeywords>
      <descriptiveKeywords>
        <MD_Keywords>
          <keyword>
            <gco:CharacterString>Hurricane Sandy, 2012</gco:CharacterString>
          </keyword>
          <keyword>
            <gco:CharacterString>Hurricane damage</gco:CharacterString>
          </keyword>
          <type>
            <MD_KeywordTypeCode codeList="http://www.isotc211.org/2005/resources/Codelist/gmxCodelists.xml#MD_KeywordTypeCode" codeListValue="theme" codeSpace="ISOTC211/19115">theme</MD_KeywordTypeCode>
          </type>
          <thesaurusName>
            <CI_Citation>
              <title>
                <gco:CharacterString>lcsh</gco:CharacterString>
              </title>
              <date>
                <CI_Date>
                  <date>
                    <gco:Date>2011-04-26</gco:Date>
                  </date>
                  <dateType>
                    <CI_DateTypeCode codeList="http://www.isotc211.org/2005/resources/Codelist/gmxCodelists.xml#CI_DateTypeCode" codeListValue="revision" codeSpace="ISOTC211/19115">revision</CI_DateTypeCode>
                  </dateType>
                </CI_Date>
              </date>
              <identifier>
                <MD_Identifier>
                  <code>
                    <gco:CharacterString>http://id.loc.gov/authorities/subjects.html</gco:CharacterString>
                  </code>
                </MD_Identifier>
              </identifier>
            </CI_Citation>
          </thesaurusName>
        </MD_Keywords>
      </descriptiveKeywords>
      <descriptiveKeywords>
        <MD_Keywords>
          <keyword>
            <gco:CharacterString>Downloadable Data</gco:CharacterString>
          </keyword>
          <thesaurusName uuidref="723f6998-058e-11dc-8314-0800200c9a66"/>
        </MD_Keywords>
      </descriptiveKeywords>
      <resourceConstraints>
        <MD_LegalConstraints>
          <otherConstraints>
            <gco:CharacterString>This item is in the public domain. There are no restrictions on access or use.</gco:CharacterString>
          </otherConstraints>
        </MD_LegalConstraints>
      </resourceConstraints>
      <aggregationInfo>
        <MD_AggregateInformation>
          <aggregateDataSetName>
            <CI_Citation>
              <title>
                <gco:CharacterString>U.S. Department of Housing and Urban Development, GIS Maps and Data</gco:CharacterString>
              </title>
              <date gco:nilReason="missing"/>
              <identifier>
                <MD_Identifier>
                  <code>
                    <gco:CharacterString>http://purl.stanford.edu/wc590wy7435</gco:CharacterString>
                  </code>
                </MD_Identifier>
              </identifier>
            </CI_Citation>
          </aggregateDataSetName>
          <associationType>
            <DS_AssociationTypeCode codeList="http://www.isotc211.org/2005/resources/Codelist/gmxCodelists.xml#DS_AssociationTypeCode" codeListValue="largerWorkCitation" codeSpace="ISOTC211/19115">largerWorkCitation</DS_AssociationTypeCode>
          </associationType>
          <initiativeType>
            <DS_InitiativeTypeCode codeList="http://www.isotc211.org/2005/resources/Codelist/gmxCodelists.xml#DS_InitiativeTypeCode" codeListValue="collection" codeSpace="ISOTC211/19115">collection</DS_InitiativeTypeCode>
          </initiativeType>
        </MD_AggregateInformation>
      </aggregationInfo>
      <spatialRepresentationType>
        <MD_SpatialRepresentationTypeCode codeList="http://www.isotc211.org/2005/resources/Codelist/gmxCodelists.xml#MD_SpatialRepresentationTypeCode" codeListValue="vector" codeSpace="ISOTC211/19115">vector</MD_SpatialRepresentationTypeCode>
      </spatialRepresentationType>
      <language>
        <LanguageCode codeList="http://www.loc.gov/standards/iso639-2/php/code_list.php" codeListValue="eng" codeSpace="ISO639-2">eng</LanguageCode>
      </language>
      <characterSet>
        <MD_CharacterSetCode codeList="http://www.isotc211.org/2005/resources/Codelist/gmxCodelists.xml#MD_CharacterSetCode" codeListValue="utf8" codeSpace="ISOTC211/19115">utf8</MD_CharacterSetCode>
      </characterSet>
      <topicCategory>
        <MD_TopicCategoryCode>boundaries</MD_TopicCategoryCode>
      </topicCategory>
      <topicCategory>
        <MD_TopicCategoryCode>geoscientificInformation</MD_TopicCategoryCode>
      </topicCategory>
      <environmentDescription>
        <gco:CharacterString>Microsoft Windows 7 Version 6.1 (Build 7601) Service Pack 1; Esri ArcGIS 10.3.1.4959</gco:CharacterString>
      </environmentDescription>
      <extent>
        <EX_Extent>
          <geographicElement>
            <EX_GeographicBoundingBox>
              <extentTypeCode>
                <gco:Boolean>true</gco:Boolean>
              </extentTypeCode>
              <westBoundLongitude>
                <gco:Decimal>-76.061754</gco:Decimal>
              </westBoundLongitude>
              <eastBoundLongitude>
                <gco:Decimal>-71.762754</gco:Decimal>
              </eastBoundLongitude>
              <southBoundLatitude>
                <gco:Decimal>37.911986</gco:Decimal>
              </southBoundLatitude>
              <northBoundLatitude>
                <gco:Decimal>42.08577</gco:Decimal>
              </northBoundLatitude>
            </EX_GeographicBoundingBox>
          </geographicElement>
        </EX_Extent>
      </extent>
      <extent>
        <EX_Extent>
          <description>
            <gco:CharacterString>ground condition</gco:CharacterString>
          </description>
          <temporalElement>
            <EX_TemporalExtent>
              <extent>
                <gml:TimePeriod gml:id="idm6176">
                  <gml:beginPosition>2012-10-22T00:00:00</gml:beginPosition>
                  <gml:endPosition>2012-12-31T00:00:00</gml:endPosition>
                </gml:TimePeriod>
              </extent>
            </EX_TemporalExtent>
          </temporalElement>
        </EX_Extent>
      </extent>
    </MD_DataIdentification>
  </identificationInfo>
  <contentInfo>
    <MD_FeatureCatalogueDescription>
      <complianceCode>
        <gco:Boolean>false</gco:Boolean>
      </complianceCode>
      <language>
        <LanguageCode codeList="http://www.loc.gov/standards/iso639-2/php/code_list.php" codeListValue="eng" codeSpace="ISO639-2">eng</LanguageCode>
      </language>
      <includedWithDataset>
        <gco:Boolean>true</gco:Boolean>
      </includedWithDataset>
      <featureCatalogueCitation>
        <CI_Citation>
          <title>
            <gco:CharacterString>Feature catalog for Hurricane Sandy Damage Estimates by Block Group, 2012</gco:CharacterString>
          </title>
          <date gco:nilReason="missing"/>
          <identifier>
            <MD_Identifier>
              <code>
                <gco:CharacterString>744f1dff-2ef5-4d98-acfb-f0678d27b877</gco:CharacterString>
              </code>
            </MD_Identifier>
          </identifier>
        </CI_Citation>
      </featureCatalogueCitation>
    </MD_FeatureCatalogueDescription>
  </contentInfo>
  <distributionInfo>
    <MD_Distribution>
      <distributionFormat>
        <MD_Format>
          <name>
            <gco:CharacterString>Shapefile</gco:CharacterString>
          </name>
          <version gco:nilReason="missing"/>
        </MD_Format>
      </distributionFormat>
      <distributor>
        <MD_Distributor>
          <distributorContact>
            <CI_ResponsibleParty>
              <organisationName>
                <gco:CharacterString>Stanford Geospatial Center</gco:CharacterString>
              </organisationName>
              <contactInfo>
                <CI_Contact>
                  <phone>
                    <CI_Telephone>
                      <voice>
                        <gco:CharacterString>650-723-2746</gco:CharacterString>
                      </voice>
                    </CI_Telephone>
                  </phone>
                  <address>
                    <CI_Address>
                      <deliveryPoint>
                        <gco:CharacterString>Branner Earth Sciences Library</gco:CharacterString>
                      </deliveryPoint>
                      <deliveryPoint>
                        <gco:CharacterString>Mitchell Building, 2nd Floor</gco:CharacterString>
                      </deliveryPoint>
                      <deliveryPoint>
                        <gco:CharacterString>397 Panama Mall</gco:CharacterString>
                      </deliveryPoint>
                      <city>
                        <gco:CharacterString>Stanford</gco:CharacterString>
                      </city>
                      <administrativeArea>
                        <gco:CharacterString>California</gco:CharacterString>
                      </administrativeArea>
                      <postalCode>
                        <gco:CharacterString>94305</gco:CharacterString>
                      </postalCode>
                      <electronicMailAddress>
                        <gco:CharacterString>brannerlibrary@stanford.edu</gco:CharacterString>
                      </electronicMailAddress>
                    </CI_Address>
                  </address>
                </CI_Contact>
              </contactInfo>
              <role>
                <CI_RoleCode codeList="http://www.isotc211.org/2005/resources/Codelist/gmxCodelists.xml#CI_RoleCode" codeListValue="distributor" codeSpace="ISOTC211/19115">distributor</CI_RoleCode>
              </role>
            </CI_ResponsibleParty>
          </distributorContact>
        </MD_Distributor>
      </distributor>
      <transferOptions>
        <MD_DigitalTransferOptions>
          <transferSize>
            <gco:Real>1.112</gco:Real>
          </transferSize>
          <onLine>
            <CI_OnlineResource>
              <linkage>
                <URL>http://purl.stanford.edu/jp095bg5089</URL>
              </linkage>
              <protocol>
                <gco:CharacterString>http</gco:CharacterString>
              </protocol>
              <name>
                <gco:CharacterString>Sandy_Damage_Estimates_by_Block_Group.shp</gco:CharacterString>
              </name>
            </CI_OnlineResource>
          </onLine>
        </MD_DigitalTransferOptions>
      </transferOptions>
    </MD_Distribution>
  </distributionInfo>
</MD_Metadata>
