<?xml version="1.0" encoding="UTF-8"?>
<metadata>
  <idinfo>
    <citation>
      <citeinfo>
        <origin/>
        <pubdate>20130117</pubdate>
        <title>Hurricane Sandy Damage Estimates by Block Group, 2012</title>
        <geoform>vector digital data</geoform>
        <pubinfo>
          <pubplace/>
          <publish>United States. Department of Housing and Urban Development</publish>
        </pubinfo>
        <onlink>http://purl.stanford.edu/jp095bg5089</onlink>
        <lworkcit>
          <citeinfo>
            <title>U.S. Department of Housing and Urban Development, GIS Maps and Data</title>
          </citeinfo>
        </lworkcit>
      </citeinfo>
    </citation>
    <descript>
      <abstract>A FEMA housing inspection for renters is used to assess personal property loss and for owners to assess damage to their home as well as personal property. This inspection is done to determine eligibility for FEMA Individual Assistance. For both rental and owner inspections, if the property has flood damage the inspector measures the height of the flooding. They indicate the highest floor of the flooding (for example, Basement, 1st floor, 2nd floor, etc…) and the height of the flooding in that room. In addition for the units without flooding, HUD has estimated minor/major/severe damage based on the damage inspection estimates for real property (owner) and personal property (renter). This file only presents data on block groups with 10 or more damaged housing units. The suppression to only including 10 or more damaged housing units results in an exclusion of about 6% of the total flooded units. These data reflect Hurricane Sandy damage in the states of New York, New Jersey, Connecticut, and Rhode Island. These data are incomplete, as each day there are additional registrants and inspections. This should be a viewed as a preliminary snapshot to assist with planning. Data Current as of: January 17, 2013</abstract>
      <purpose>This layer is intended for researchers, students, policy makers, and the general public for reference and mapping purposes, and may be used for basic applications such as viewing, querying, and map output production. This layer will provide a basemap for layers related to socio-political analysis, statistical enumeration and analysis, or to support graphical overlays and analysis with other spatial data. More advanced user applications may focus on demographics, urban and rural land use planning, socio-economic analysis and related areas (including defining boundaries, managing assets and facilities, integrating attribute databases with geographic features, spatial analysis, and presentation output.)</purpose>
    </descript>
    <timeperd>
      <timeinfo>
        <rngdates>
          <begdate>20121022</begdate>
          <enddate>20121231</enddate>
        </rngdates>
      </timeinfo>
      <current>ground condition</current>
    </timeperd>
    <spdom>
      <bounding>
        <westbc>-76.061754</westbc>
        <eastbc>-71.762754</eastbc>
        <northbc>42.085770</northbc>
        <southbc>37.911986</southbc>
      </bounding>
    </spdom>
    <keywords>
      <theme>
        <themekt>lcsh</themekt>
        <themekey>Hurricane Sandy, 2012</themekey>
        <themekey>Hurricane damage</themekey>
      </theme>
      <theme>
        <themekt>ISO 19115 Topic Categories</themekt>
        <themekey>boundaries</themekey>
        <themekey>geoscientificInformation</themekey>
      </theme>
      <place>
        <placekt>geonames</placekt>
        <placekey>United States</placekey>
      </place>
    </keywords>
    <accconst>This item is in the public domain. There are no restrictions on access or use.</accconst>
    <useconst>None</useconst>
    <ptcontac>
      <cntinfo>
        <cntorgp>
          <cntorg>United States. Department of Housing and Urban Development</cntorg>
        </cntorgp>
        <cntaddr>
          <addrtype>physical</addrtype>
          <address>451 7th Street S.W.</address>
          <city>Washington, D.C.</city>
          <postal>20410</postal>
          <country>US</country>
        </cntaddr>
        <cntvoice>(202) 708-1112</cntvoice>
      </cntinfo>
    </ptcontac>
    <datacred>United States. Department of Housing and Urban Development. (2013). Hurricane Sandy Damage Estimates by Block Group, 2012. United States. Department of Housing and Urban Development. Available at http://purl.stanford.edu/jp095bg5089.</datacred>
    <native>Microsoft Windows 7 Version 6.1 (Build 7601) Service Pack 1; Esri ArcGIS 10.3.1.4959</native>
  </idinfo>
  <spdoinfo>
    <direct>Vector</direct>
    <ptvctinf>
      <sdtsterm>
        <sdtstype>GT-polygon composed of chains</sdtstype>
        <ptvctcnt>1827</ptvctcnt>
      </sdtsterm>
    </ptvctinf>
  </spdoinfo>
  <eainfo>
    <detailed>
      <enttyp>
        <enttypl>Sandy_Damage_Estimates_by_Block_Group</enttypl>
      </enttyp>
      <attr>
        <attrlabl>FID</attrlabl>
        <attrdef>Internal feature number.</attrdef>
        <attrdefs>Esri</attrdefs>
        <attrdomv>
          <udom>Sequential unique whole numbers that are automatically generated.</udom>
        </attrdomv>
      </attr>
      <attr>
        <attrlabl>Shape</attrlabl>
        <attrdef>Feature geometry.</attrdef>
        <attrdefs>Esri</attrdefs>
        <attrdomv>
          <udom>Coordinates defining the features.</udom>
        </attrdomv>
      </attr>
      <attr>
        <attrlabl>OBJECTID</attrlabl>
        <attrdef>OBJECTID</attrdef>
      </attr>
      <attr>
        <attrlabl>GEOID</attrlabl>
      </attr>
      <attr>
        <attrlabl>Total_regi</attrlabl>
      </attr>
      <attr>
        <attrlabl>total_dmg</attrlabl>
      </attr>
      <attr>
        <attrlabl>No_inspect</attrlabl>
      </attr>
      <attr>
        <attrlabl>non_flood_</attrlabl>
      </attr>
      <attr>
        <attrlabl>FL_B_lt_2</attrlabl>
      </attr>
      <attr>
        <attrlabl>FL_B_ge_2</attrlabl>
      </attr>
      <attr>
        <attrlabl>FL_LT_1</attrlabl>
      </attr>
      <attr>
        <attrlabl>FL_1_to_4</attrlabl>
      </attr>
      <attr>
        <attrlabl>FL_4plus</attrlabl>
      </attr>
      <attr>
        <attrlabl>dmg_o_sf</attrlabl>
      </attr>
      <attr>
        <attrlabl>dmg_o_mf</attrlabl>
      </attr>
      <attr>
        <attrlabl>dmg_o_miss</attrlabl>
      </attr>
      <attr>
        <attrlabl>dmg_r_sf</attrlabl>
      </attr>
      <attr>
        <attrlabl>dmg_r_mf</attrlabl>
      </attr>
      <attr>
        <attrlabl>dmg_r_miss</attrlabl>
      </attr>
      <attr>
        <attrlabl>dmg_o_ni</attrlabl>
      </attr>
      <attr>
        <attrlabl>dmg_o_ins</attrlabl>
      </attr>
      <attr>
        <attrlabl>C_tot_hsg</attrlabl>
      </attr>
      <attr>
        <attrlabl>C_vac_sea</attrlabl>
      </attr>
      <attr>
        <attrlabl>pct_dmg_ns</attrlabl>
      </attr>
    </detailed>
  </eainfo>
  <distinfo>
    <distrib>
      <cntinfo>
        <cntorgp>
          <cntorg>Stanford Geospatial Center</cntorg>
        </cntorgp>
        <cntaddr>
          <addrtype>physical</addrtype>
          <address>Branner Earth Sciences Library</address>
          <address>Mitchell Building, 2nd Floor</address>
          <address>397 Panama Mall</address>
          <city>Stanford</city>
          <state>California</state>
          <postal>94305</postal>
        </cntaddr>
        <cntvoice>650-723-2746</cntvoice>
        <cntemail>brannerlibrary@stanford.edu</cntemail>
      </cntinfo>
    </distrib>
    <distliab>See access and use constraints information.</distliab>
  </distinfo>
  <metainfo>
    <metd>20170313</metd>
    <metc>
      <cntinfo>
        <cntorgp>
          <cntorg>Stanford Geospatial Center</cntorg>
        </cntorgp>
        <cntaddr>
          <addrtype>mailing and physical</addrtype>
          <address>Branner Earth Sciences Library</address>
          <city>Stanford</city>
          <state>California</state>
          <postal>94305</postal>
          <country>US</country>
        </cntaddr>
        <cntvoice>650-723-2746</cntvoice>
        <cntemail>brannerlibrary@stanford.edu</cntemail>
      </cntinfo>
    </metc>
    <metstdn>FGDC Content Standard for Digital Geospatial Metadata</metstdn>
    <metstdv>FGDC-STD-001-1998</metstdv>
    <mettc>local time</mettc>
  </metainfo>
</metadata>
