<?xml version="1.0" encoding="UTF-8"?><metadata xml:lang="en"><eainfo><detailed><enttyp><enttypl>Attribute Table</enttypl><enttypd>Table containing attribute information associated with the data set.</enttypd><enttypds>Producer defined</enttypds></enttyp><attr><attrlabl>FID</attrlabl><attrdef>Internal feature number.</attrdef><attrdefs>Esri</attrdefs><attrdomv><udom>Sequential unique whole numbers that are automatically generated.</udom></attrdomv></attr><attr><attrlabl>Shape</attrlabl><attrdef>Feature geometry.</attrdef><attrdefs>Esri</attrdefs><attrdomv><udom>Coordinates defining the features.</udom></attrdomv></attr><attr><attrlabl>Id</attrlabl></attr><attr><attrlabl>Unit</attrlabl><attrdef>Unique identifier for each individual CBRS unit.</attrdef><attrdefs>U.S. Fish and Wildlife Service</attrdefs><attrdomv><udom>Units designated in 1982 typically start with letters A (Maine), C (Massachusetts), D (Rhode Island), E (Connecticut), F (New York), H (Delaware), K (Virginia), L (North Carolina), M (South Carolina), N (Georgia), P (Florida), Q (Alabama), R (Mississippi), S (Louisiana), or T (Texas). Units designated in 1990 or later typically start with the two letter state abbreviation. The unit numbers for Otherwise Protected Areas end in “P”</udom></attrdomv></attr><attr><attrlabl>Name</attrlabl><attrdef>The name of the unit</attrdef><attrdefs>U.S. Fish and Wildlife Service</attrdefs><attrdomv><udom>The units are generally assigned names based on a prominent feature in the vicinity of the unit.</udom></attrdomv></attr><attr><attrlabl>Unit_Type</attrlabl><attrdef>CBRS units are one of two types: “System Units” and “Otherwise Protected Areas”</attrdef><attrdefs>Producer defined</attrdefs><attrdomv><edom><edomv>Otherwise Protected Area</edomv><edomvd>The only Federal spending prohibition within OPAs is the prohibition on Federal flood insurance. The Unit Numbers for Otherwise Protected Areas end in “P”</edomvd><edomvds>Producer defined</edomvds></edom></attrdomv><attrdomv><edom><edomv>System Unit</edomv><edomvd>Most new Federal expenditures and financial assistance, including Federal flood insurance, are prohibited within System Units.</edomvd><edomvds>Producer defined</edomvds></edom></attrdomv></attr></detailed><overview><eaover>This data set was created by the U.S. Fish and Wildlife Service (Service) through the comprehensive remapping of the John H. Chafee Coastal Barrier Resources System (CBRS) units in in Connecticut, Maryland, New York, Rhode Island, and Virginia as directed by Section 4 of the 2006 Coastal Barrier Resources Reauthorization Act (CBRRA) (Pub. L. 109-226) to show proposed boundary changes to the CBRS for public review. These boundaries were produced as the second of two separate batches of the Service’s Hurricane Sandy Remapping Project. Additional information about the project is available at https://www.fws.gov/cbra/maps/Hurricane-Sandy-Project.html. The boundaries depicted in this data set are NOT the current boundaries of the CBRS. The current official CBRS maps are available at: https://www.fws.gov/cbra/maps/index.html. The locations of the proposed CBRS boundaries are relative to features on the base map(s) and are most reliable when paired with the base map image(s) that they were digitized to. The base map imagery that was used for Batch 2 of the Hurricane Sandy Remapping Project was produced by the U.S. Department of Agriculture (USDA) National Agriculture Imagery Program (NAIP) (CT: 2016, MD: 2017, NY: 2017, RI: 2016 and VA: 2016). The Service makes no claim regarding the proposed CBRS boundary locations relative to features on other base map sources (including more recent NAIP imagery), which may show homes, roads, and other features in slightly different positions. The Service is not responsible for any misuse or misinterpretation of this digital data set, including use of the boundaries to determine eligibility for Federal financial assistance such as flood insurance. For any questions regarding these data, please contact the Service at CBRA@fws.gov.  The data set complies with the National Spatial Data Infrastructure and other standards established by the Federal Geographic Data Committee.</eaover><eadetcit>The entity and attribute information was generated by the individual and/or agency identified as the originator of the data set. Please review the rest of the metadata record for additional details and information.</eadetcit></overview></eainfo><distInfo><distTranOps><transSize>2.176</transSize></distTranOps><distFormat><formatName>Shapefile</formatName></distFormat></distInfo><idinfo><citation><citeinfo><origin>U.S. Fish and Wildlife Service</origin><title>John H. Chafee Coastal Barrier Resources System Comprehensively Revised Boundaries (Proposed) – Hurricane Sandy Project Batch 2 – CT, MD, NY, RI, and VA </title><pubinfo><publish>U.S. Fish and Wildlife Service</publish><pubplace>Falls Church, VA</pubplace></pubinfo><pubdate>20181218</pubdate><onlink>https://www.fws.gov/cbra/maps/Hurricane-Sandy-Project-Batch-2</onlink></citeinfo></citation><descript><abstract>This data set was created by the U.S. Fish and Wildlife Service (Service) through the comprehensive remapping of the John H. Chafee Coastal Barrier Resources System (CBRS) units in Connecticut, Maryland, New York, Rhode Island, and Virginia as directed by Section 4 of the 2006 Coastal Barrier Resources Reauthorization Act (CBRRA) (Pub. L. 109-226) to show proposed boundary changes to the CBRS for public review. These boundaries were produced as the second of two separate batches of the Service’s Hurricane Sandy Remapping Project. Additional information about the project is available at https://www.fws.gov/cbra/maps/Hurricane-Sandy-Project.html. The boundaries depicted in this data set are NOT the current boundaries of the CBRS. The current official CBRS maps are available at: https://www.fws.gov/cbra/maps/index.html. The locations of the proposed CBRS boundaries are relative to features on the base map(s) and are most reliable when paired with the base map image(s) that they were digitized to. The base map imagery that was used for Batch 2 of the Hurricane Sandy Remapping Project was produced by the U.S. Department of Agriculture (USDA) National Agriculture Imagery Program (NAIP) (CT: 2016, MD: 2017, NY: 2017, RI: 2016 and VA: 2016). The Service makes no claim regarding the proposed CBRS boundary locations relative to features on other base map sources (including more recent NAIP imagery), which may show homes, roads, and other features in slightly different positions. The Service is not responsible for any misuse or misinterpretation of this digital data set, including use of the boundaries to determine eligibility for Federal financial assistance such as Federal flood insurance. For any questions regarding these data, please contact the Service at CBRA@fws.gov.  The data set complies with the National Spatial Data Infrastructure and other standards established by the Federal Geographic Data Committee.</abstract><purpose>This data set was created to provide local users with the Service's proposed boundaries for the CBRS in Connecticut, Maryland, New York, Rhode Island, and Virginia.</purpose></descript><timeperd><current>Publication date</current><timeinfo><sngdate><caldate>20181218</caldate></sngdate></timeinfo></timeperd><status><progress>Complete</progress><update>As needed</update></status><accconst>None. Please see 'Distribution Info' for details.</accconst><useconst>None. Users are advised to read the data set's metadata thoroughly to understand appropriate use and data limitations.</useconst><spdom><bounding><westbc>-76.980735</westbc><eastbc>-71.117477</eastbc><northbc>41.750809</northbc><southbc>36.550316</southbc></bounding></spdom><ptcontac><cntinfo><cntorgp><cntorg>U.S. Fish and Wildlife Service</cntorg><cntper>Katie Niemi</cntper></cntorgp><cntpos>National Coastal Barriers Coordinator</cntpos><cntaddr><addrtype>mailing and physical address</addrtype><address>5275 Leesburg Pike, MS ES</address><address>U.S. Fish and Wildlife Service Headquarters</address><city>Falls Church</city><state>VA</state><postal>22041</postal></cntaddr><cntvoice>703-358-2171</cntvoice><cntemail>CBRA@fws.gov</cntemail></cntinfo></ptcontac></idinfo><dataqual><logic>Topological checks were conducted to ensure that no polygons overlap and that adjacent boundaries are coincident where appropriate.</logic><complete>In most cases the seaward boundary of a CBRS unit is defined by the 30-foot bathymetric contour rather than a hard boundary depicted on the official source map. In these cases, the digital boundaries have been terminated by connecting the ends of the lateral boundaries on the seaward side. Therefore, the actual CBRS seaward boundary may extend farther offshore than is shown by the polygons.  In large coastal embayments and the Great Lakes, the boundary is defined by the 20-foot bathymetric contour or a line approximately one mile seaward of the shoreline, whichever is nearer the coastal barrier.</complete><posacc><horizpa><horizpar>These polygons were created with Geographic Information Systems (GIS) technology using orthorectified aerial imagery (orthoimagery) as the base map.  Many CBRS boundaries are drawn to have specific relationships to features (e.g. roads, wetland/upland breaks, shorelines), visible on the base map orthoimagery. Therefore, these polygons are most reliable when paired with the base map that they were digitized to, and may appear not to fit other images properly.  Furthermore, CBRS boundaries inherit the spatial accuracy of the base map.  For example, a common base map for CBRS mapping is from the USDA’s National Aerial Imagery Program (NAIP), which has horizontal accuracy of +/- 20 feet. Therefore, CBRS boundaries that use NAIP as a base map will have a spatial accuracy of no less than +/- 20 feet. </horizpar></horizpa><vertacc><vertaccr>A formal accuracy assessment of the vertical positional information in the data set has either not been conducted, or is not applicable.</vertaccr></vertacc></posacc><lineage><procstep><procdate>Unknown</procdate><procdesc>Development of the data set by the agency / individuals identified in the 'Originator' element in the Identification Info section of the record.</procdesc></procstep></lineage></dataqual><spdoinfo><direct>Vector</direct></spdoinfo><distinfo><distliab>No warranty, expressed or implied is made with regard to the accuracy of these data, and no liability is assumed by the U.S. Government in general, or the U.S. Fish and Wildlife Service, in specific as to the spatial or attribute accuracy of the data.  The act of distribution shall not constitute any such warranty, and no responsibility is assumed by the U.S. Government in the use of these files.  The boundary information in the proposed CBRS polygons are for informational purposes only; their depiction and designation for informational purposes does not constitute a determination of jurisdictional authority or rights of ownership or entitlement and they are not survey grade or legal land descriptions.  Additionally, user must (1) read and fully comprehend the metadata prior to data use, (2) acknowledge the U.S. Fish and Wildlife Service as the originator when using the data set as a source, and (3) share data products developed using this source data set with the U.S. Fish and Wildlife Service.  Data should not be used beyond the limits of the source scale.  The data set is NOT to be used for definitive in/out CBRS determinations.</distliab><distrib><cntinfo><cntorgp><cntorg>U.S. Fish and Wildlife Service</cntorg><cntper>Katie Niemi</cntper></cntorgp><cntpos>National Coastal Barriers Coordinator</cntpos><cntaddr><addrtype>mailing and physical address</addrtype><address>5275 Leesburg Pike, MS ES</address><address>U.S. Fish and Wildlife Service Headquarters</address><city>Falls Church</city><state>VA</state><postal>22041</postal></cntaddr><cntvoice>703-358-2171</cntvoice><cntemail>CBRA@fws.gov</cntemail></cntinfo></distrib></distinfo><metainfo><metd>20181218</metd><metstdn>FGDC Content Standard for Digital Geospatial Metadata</metstdn><metstdv>FGDC-STD-001-1998</metstdv><metc><cntinfo><cntperp><cntorg>U.S. Fish and Wildlife Service</cntorg><cntper>Katie Niemi</cntper></cntperp><cntpos>National Coastal Barriers Coordinator</cntpos><cntaddr><addrtype>mailing and physical address</addrtype><address>5275 Leesburg Pike, MS ES</address><address>U.S. Fish and Wildlife Service Headquarters</address><city>Falls Church</city><state>VA</state><postal>22041</postal></cntaddr><cntvoice>703-358-2171</cntvoice><cntemail>CBRA@fws.gov</cntemail></cntinfo></metc></metainfo><spref><horizsys><planar><planci><plance>coordinate pair</plance><plandu>meters</plandu></planci></planar><geodetic><horizdn>D WGS 1984</horizdn><ellips>WGS 1984</ellips><semiaxis>6378137.0</semiaxis><denflat>298.257223563</denflat></geodetic></horizsys></spref><dataIdInfo><envirDesc> Version 6.2 (Build 9200) ; Esri ArcGIS 10.6.0.8321</envirDesc><dataLang><languageCode value="eng" /><countryCode value="USA" /></dataLang><idCitation><resTitle>CBRS_Sandy_B2_Proposed_10252018</resTitle><presForm><PresFormCd value="005" /></presForm></idCitation><spatRpType><SpatRepTypCd value="001" /></spatRpType><dataExt><geoEle><GeoBndBox esriExtentType="search"><exTypeCode>1</exTypeCode><westBL>-76.980735</westBL><eastBL>-71.117477</eastBL><northBL>41.750809</northBL><southBL>36.550316</southBL></GeoBndBox></geoEle></dataExt></dataIdInfo><mdLang><languageCode value="eng" /><countryCode value="USA" /></mdLang><mdChar><CharSetCd value="004" /></mdChar><mdHrLv><ScopeCd value="005" /></mdHrLv><mdHrLvName>dataset</mdHrLvName><refSysInfo><RefSystem><refSysID><identCode code="3857" /><idCodeSpace>EPSG</idCodeSpace><idVersion>8.8(9.3.1.2)</idVersion></refSysID></RefSystem></refSysInfo><spatRepInfo><VectSpatRep><geometObjs><geoObjTyp><GeoObjTypCd value="002" /></geoObjTyp><geoObjCnt>291</geoObjCnt></geometObjs><topLvl><TopoLevCd value="001" /></topLvl></VectSpatRep></spatRepInfo><mdDateSt>20181025</mdDateSt></metadata>